1,QQ,7374,7007,5862,6510,9463,9785,12739,9764,17441,14754,16670,12290,14864,7912,10179,11043,11847,12423,12973,11234,7613,13502,14359,11231,14769,9870,9991,12484,11842,12462,13840,9555,16864,13219,14956,13929,14096,13527,9905,9184,11153,12426,12339,9339,17561,15874,15241,11456,14478,11437,8368,9414,9832,12271,12804,10075,10815,15321,7933,6589,6892,3243,4538,8122,5375,8017,10537,8471,10319,8903
2,北斗星,5680,3521,3780,3879,4444,4357,5812,6307,11859,8684,7434,5843,5509,4354,3307,4760,4664,4864,6515,7068,7884,7150,6833,4453,6121,2785,2373,3197,3397,3753,4747,6836,6513,7181,6419,5247,4950,4320,2617,5260,5219,4101,7223,7498,11322,10052,6035,6148,6423,4772,4613,5756,5668,5930,6428,7417,6896,5927,4018,4562,3509,3633,3468,3558,3546,3172,4832,5000,5670,5226,4818,4772,4260,2805,2894,2701,2498
3,比亚迪F0,5044,3200,2870,4387,5156,4710,6122,3005,6407,7996,4871,3450,2770,3530,4326,3131,2760,8444,4500,309,869,2824,2539,3625,6492,4981,5405,5653,10011,8453,13353,6212,13055,14887,13807,13981,12615,11209,12321,11059,11515,15242,13905,5712,12204,16321,13476,11434,11001,10023,5573,6810,7224,6353,6911,4075,3730,154,3506,7059,10059,0,2
4,奥拓,4868,2506,3606,4332,4309,4520,7185,6162,6709,5679,5905,4621,4593,5369,2954,5351,5445,4446,4638,4661,3801,3094,4639,3639,5973,4306,4266,5144,5260,4882,6456,4342,5871,4033,5548,4988,5276,3732,1212,3424,3048,2966,2600,1691,3211,2393,2041,1912,1643,0
5,奔奔,4425,1675,671,2995,3820,4509,7090,5919,8365,3126,5645,4695,4523,2900,4038,5588,5981,2708,10146,10058,7259,3467,8474,7334,6835,4552,5752,5775,7687,7144,12859,9473,10704,10077,10604,9869,9699,3818,5210,6178,5076,4686,4971,4106,4661,2003,1958,1885,2595,2119,2331,4224,4397,5302,5231,4707,5633,1166,3447,4446,1982,1751,928,4239,2154,2806,4876,4764,6477
6,宝骏乐驰,3513,1559,2207,2203,1795,2196,111,1088,2419,1638,1541,1007,861,804,2508,2015,3015,3515,4505,4207,4369,5710,4289,5426,4778,6253,6966,6650,4647,3708,6700,6393,8738,7568,6967,8016,5422,4727,4025,4820,5112,5611,8128,10405,6999,3045,4135,5411,5767,5052,4525,5694,5515,5545,5196,5109,5006,3366,4301,3294,3834,2634,3339,3077,3263,4046,4510,3072,2061,1894,2008,2322,2506,1820,2009,2473,2903
7,CX20,3088,1963,1101,1184,2036,2388,3585,3100,3810,1604,3093,2546,2470,1262,1393,3454,4041,4005,6123,5798,5722,2709,5205,4300,4872,2779,2089,2578,2660,2942,4816,3063,4078,2001
8,江南TT,2655,1698,1678,1824,1463,1121,1233,1021,2449,3561,3218,3377,3697,3009,2831,2317,2247,1086,1304,1525,1363,4278,2630,2388,2037,2456,1637,2961,2954,3017,3197,1874,2987,5947,3776,1523,3243,2549,2709,1745,1541,1436,2085,1124,1247,113,160,0,0,0,305,556,580,424,83,150,159,160,245,0,0,0,0,230,282,569,634,0,0
9,宝骏乐驰,3513,1559,2207,2203,1795,2196,111,1088,2419,1638,1541,1007,861,804,2508,2015,3015,3515,4505,4207,4369,5710,4289,5426,4778,6253,6966,6650,4647,3708,6700,6393,8738,7568,6967,8016,5422,4727,4025,4820,5112,5611,8128,10405,6999,3045,4135,5411,5767,5052,4525,5694,5515,5545,5196,5109,5006,3366,4301,3294,3834,2634,3339,3077,3263,4046,4510,3072,2061,1894,2008,2322,2506,1820,2009,2473,2903
10,熊猫,1607,1900,3047,4190,4433,4553,3240,1808,3159,2690,3035,3042,1718,1920,2892,2546,1891,3071,3212,2812,2843,4191,3192,3789,4317,2709,2901,3514,3514,3996,4772,2932,4667,4172,3695,2816,2912,2593,3142,2540,3778,3250,4594,2949,4603,3857,3367,2658,2955,2215,2233,1844,2319,2338,2558,846,852,1149,538,74,0,0,7,1
11,宝骏乐驰,3513,1559,2207,2203,1795,2196,111,1088,2419,1638,1541,1007,861,804,2508,2015,3015,3515,4505,4207,4369,5710,4289,5426,4778,6253,6966,6650,4647,3708,6700,6393,8738,7568,6967,8016,5422,4727,4025,4820,5112,5611,8128,10405,6999,3045,4135,5411,5767,5052,4525,5694,5515,5545,5196,5109,5006,3366,4301,3294,3834,2634,3339,3077,3263,4046,4510,3072,2061,1894,2008,2322,2506,1820,2009,2473,2903
12,悦悦,680,539,394,913,1829,1699,1760,2148,2144,2346,1744,1731,1385,1027,1163,985,1267,866,653,406,312,225,151,118,81,152,60,91,260,453,197,257,842,2098,143,19,54,186,148,0
13,爱迪尔A+,317,164,161,35,49,464,207,105,300,339,184,177,67,129,59,264,513,142,730,307,559,721,450,322,358,187,252,310,567,368,20,145,109,1,100,441,156,1,54,1,6,107,6,283,178,339,164,208,268,202,218,171,230,320,260,373,384,379,393,515,494,344,779,527,847,1361,651,677,1327,732,701,515,102,0,348,524,244
14,路宝,315,0,125,375,1,0,117,3,0,105,281,86,503,360,520,288,928,1042,465,295,5,434,266,341,106,69,509,130,71,2,475,413,748,1492,2438,1685,757,583,490,1284,1883,1056,1887,1447,2202,2025,1687,1825,1796,1380,1202,1997,2171,2291,2788,2372,3406,2095,1605,1753,1989,1611,70,2169,2621,2895,4613,2945,4361,2389,2008,1785,1764,1817,1854,1985,2459
15,旗云1,197,397,324,440,552,651,1166,1288,2361,1794,1402,1094,959,562,671,715,1061,1503,2312,2055,1287,2627,2120,2200,2108,1342,1192,1503,1443,2703,4319,2263,6852,5102,5104,4117,3340,1518,1181
16,海马王子,96,141,194,112,38,668,2673,702,1329,531,981,893,868,253,637,203,848,982,1505,628,592,1998,1378,1020,1338,615,1169,1000,1326,923,1176,999,625,1068,556,495,555,1010,644,1095,197,86
17,瑞麒M1,1,6,0,0,7,3,84,8,16,60,25,121,87,23,18,6,7,9,79,249,130,263,208,1336,1218,468,271,465,524,1230,472,565,1416,3517,1751,2280
18,QQme,0,0,0,0,0,0,0,0,0,0,4,0,0,0,0,0,0,0,0,0,0,1,2,0,7,4,4,2,8,5,3,55,11,29,16,6,15,16,34,21,29,44,76,45,43,110,34,93,216,224,462,211
1,瑞纳,15383,15180,11994,16534,15413,15491,15502,14398,25684,16015,18977,15996,18988,19834,16527,15245,16107,18786,16156,14518,17815,11884,15957,13801,15963,12161,10836,10830,11421,8715,6953,8041,11963,10526,10313,7738,9776,5992,14
2,Polo,12223,11154,9987,11626,11110,11414,12023,13284,15009,11727,13631,14949,13170,13240,9654,9277,13226,11592,11149,10579,8000,21670,16693,11614,17705,10485,12239,12936,12912,15087,13451,10437,12676,5528,3874,3292,3588,3395,3815,4128,4053,3368,2638,2219,21,3652,2581,4353,4031,3356,4219,3918,3364,2810,2992,2530,2245,4904,5811,4603,4836,3777,3587,6663,6043,6142,7732,6061,8608,11040,7490,4872,7837,5636,6900,8109,2619
3,悦翔,0,0,0,11171,10320,10044,9677,9962,14999,8380,4801,9776,8575,2647,1925,5716,3215,3139,4123,1844,658,2335,4354,4550,3786,2254,3167,3365,4238,2419,9909,7834,8461,10573,6583,8887,7485,5649,3157,8260,6586,6258,12096,12058,16388,8298,9867,10122,10115,6160,5808,4732,3019,1433,726,95,49
4,起亚K2,11230,10460,10025,12288,13185,11809,12083,9294,15028,13287,13456,12330,15605,11317,10548,12237,11536,11739,11012,10547,9541,11843,12788,11327,10478,7556,4342
5,骊威,2,0,6417,2,6684,6607,25,128,3731,5343,3780,1866,3773,8527,6484,14298,10315,8166,7728,8423,9021,10559,7854,8484,8774,8601,7139,6332,7254,8800,9771,5445,9757,10869,9508,8434,10303,8583,9857,8644,8949,8891,10030,6335,10711,7986,8266,9326,9336,7659,10667,9163,7540,8318,8577,6525,5372,6939,6127,6984,6860,4359,4813,7757,6269,6102,5313,3276,5193,5310,3709,3612,4629,4496,5550,7284,5742
6,夏利A+,8349,5412,4760,4314,6613,9626,12977,8259,11094,9510,12348,10566,10424,7323,7322,9512,11655,15475,15371,16566,18390,15250,22485,16229,14571,11504,8798,13395,13391,16649,24060,10923,29267,18874,24273,20557,17243,12363,9247,14752,14023,15597,15710,13853,22161,13290,15090,11044,12090,8989,9106,12468,14282,13946,15405,11967,9854,11954,8770,10997,9941,6678,5972,7301,9782,12203,904,10199,15275,10865,13656,9603,11253,9329,9662,9333,10422
7,新嘉年华-三厢,5954,4593,4299,4565,4093,4549,1181,0,2446,4986,5558,3324,2556,2696,2673,4573,5164,5777,6089,4293,4318,5914,5727,5048,5749,4320,1265,1826,1606,325,2252,1484,2086,2360,2011,2053,1817,1386,1366,2059,2036,2133,2284,1304,2103,1535,1601,1461,1353,966,1321,1697,1214,997
8,新嘉年华-两厢,4086,3144,2980,3351,2642,3010,674,0,1625,3265,3201,2238,2544,1904,1854,3100,3501,3734,3815,2748,2808,3560,3826,2911,3301,4520,3320,1859,5254,3087,5047,5493,5010,4422,4488,3243,2881,4249,4621,4325,5142,3435,4978,3564,3839,3182,3656,3573,3085,2840,3175,2839
9,飞度,3996,3196,3327,3874,3841,4078,4848,2219,2331,2510,2833,1567,2128,4052,3603,4622,3880,4366,4598,977,784,2009,2010,2034,2541,1369,1462,909,1126,1993,2838,2072,680,3788,2393,2405,3199,2055,2589,1390,1228,3868,5308,2424,2928,3893,4889,4532,5865,3431,4591,4628,4458,3259,2593,2782,3719,1560,4844,4733,6878,5928,4575,1481,3097,4108,4677,3561,4441,7731,5243,6839,6080,5193,4138,3708
10,MG3,3899,3423,2910,4039,4157,3558,4860,2349,4081,5201,4172,2704,4366,3252,2595,3820,3842,3690,2960,2201,1961,2680,2189,1956,3163,2204,2174,2487,2123,2533,66,0,3,3,67,180,491,261,298,640,1011,436,661,678,1824,818,1518,1250,1143,620,900,965,751,967,889,740,687,721,541,679,673,1180,628,293,0
11,标致207-两厢,3045,1898,1927,1936,1966,4004,3247,3435,4012,2943,3174,3604,3776,2352,1976,2439,2485,1957,3560,2637,2534,3309,2891,3472,4111,3203,1210,1353,1334,1579,1849,1596,2389,2068,2275,1891,2097,1199,1262,1194,1155,1475,1312,1178,1778,2344,1497,1297,1965,1307,1490,1660,1751,1686,838,0,577,829,0
12,金刚,2700,2999,1486,1894,3402,4339,4442,2254,6938,4550,3367,3985,3413,3232,3411,4913,4661,5291,6191,5905,5637,7785,8581,6822,5620,4522,3654,3711,4098,5516,6647,5054,6455,8837,7676,7465,5493,4540,4446,4411,5095,6127,7399,4867,7750,6104,6846,6144,6125,4474,4307,4581,6215,5518,5227,5475,4805,4632,4896,4841,5709,3935,4231,4929,3534,6040,8191,4961,6443,5074,5008,3902,3851,3931,3110,3344,2748
13,新自由舰,2522,2194,2501,2254,2447,3078,3551,2225,5948,7013,5436,5965,4561,3541,3222,4987,3299,6579,5128,4257,5903,7463,9238,9731,7227,4782,3637,6449,5944,6339,6796,5271,9776,11012,9290,7869,6081,4959,5977,6451,6385,6830,7934,8586,14209,12685,11558,9715,10061,6425,6658,9013,10211,9588,10025,9694,8040,10054,7256,6472,6585,4926,4775,6927,5502,7492,7801,5079,8207,6500,6450,6980,8589,7374,5014,5488,6766
14,雨燕,2382,1312,1982,2375,2871,2745,3051,1633,3471,1909,1681,1118,1689,2662,1175,4081,3799,3706,3879,4253,3639,4286,4062,3313,3504,2580,2738,3079,3342,3838,4030,3269,4428,3434,5063,3185,3650,4148,2981,3953,4603,4777,5475,4178,5542,3252,4018,3733,3444,3499,2538,2543,1820,1964,2246,1580,1357,803,1109,1189,1628,981,997,1628,1356,1225,1740,1389,2283,825,478,857,1509,1407,881,1849,1979
15,夏利N5,2305,1503,1910,2146,3152,3947,4231,1369,2530
16,力帆320,2291,802,963,2981,2704,2785,2437,1941,1055,7416,6035,6136,5509,4395,2544,3831,3012,1989,2048,2108,1653,2969,1642,991,3052,2477,3068,4201,4561,2296,2426,1467,1445,3071,2130,1482,590,784,601,986,777,382,248,254,594,1446,715,217,255,214,99,196,341,268,169,81,41,12,13
17,英伦SC6,2235,1539,1234,698,1774,1857,2345,1160,3352,2435,2462,1045,2503
18,爱唯欧-两厢,2196,1988,1852,2468,2939,3987,4577,5038,5471,4870,4862,4115,5763,4975,5473,4968,2958,3023,5865,5690,4064,4084,5009,4541,4043,5050,1811,2663,6
19,晶锐,2019,1730,579,6348,2837,2931,3664,2558,4999,4704,3724,5404,4442,3796,3300,4200,3303,4021,4688,2983,3815,5613,3404,3266,3000,4227,3818,5105,3971,3348,3352,3360,6295,2364,4808,4079,4136,2898,2009,3550,3955,4403,4350,2406,320,3653,3809,2769,2305,3881,2215,2944,2682,2070,2049,1615,1287,841
20,羚羊,1708,796,1344,1401,1976,2029,2703,2511,4357,3194,3258,2547,2196,2707,1067,3688,3398,3360,4018,3628,3852,4730,3957,4062,4967,3683,3355,4460,3917,4064,5846,3753,5449,3716,5327,4171,2811,3320,1765,2317,2592,2883,3827,3716,5199,6773,3707,3821,4392,4096,3716,5536,6036,5216,5355,5406,4702,4165,1592,1338,2675,2477
21,威志,1683,1875,1446,2507,3048,1858,2205,1665,4903,2736,3174,3551,3864,2066,1999,2434,3135,1573,1,49,21,180,1208,977,3300,2494,1770,2261,3046,2413,2680,1453,4722,2328,2881,2121,1769,1785,1615,2765,4226,3020,4454,3217,8394,2403,5520,4545,5158,4931,5132,5751,4975,5082,4908,3828,5838,4180,2610,3549,4128,2255,3845,4928,4859,4877,35411,4566,5936,2146,1982,1667,3326,2793,2598,1938,333
22,旗云2,1582,1683,1845,1299,1999,2373,1961,1439,3956,5944,3967,1998,2164,1548,2213,1782,2208,2467,3265,2856,2461,6533,6239,5105,4722,2685,2291,2808,3088,3894,5225,2272,10094,7269,7409,6875,7692,7120,2737
23,CrossPolo,1554,1596,1458,1610,1608,1541,1799,2084,2199,1267,2098,1422,1530,1467,1510,2425,1779,1658,1713,1040,0,0,0,0,0,2,15,1,52,19,21,22,46,721,1382,1173,1405,1034,1217,1143,1176,1120,756,599,156,498,804,843,798,752,784,759,572,204,1075,633,195,202,386,489,402,389,571,867,413,533,707,764
24,奇瑞A1,1440,962,616,1383,305,1101,900,0,1506,752,381,399,384,1542,805,2183,3156,3059,1639,2460,1351,1270,763,3102,2313,1436,2471,1151,1799,1862,2053,326,1711,728,798,694,974,687,1362,2140,1347,1836,1045,1672,2756,1757,1833,1542,1717,1210,936,824,784,1466,1125,1034,830,907,1233,1158,1195,1129,701,2476,4234,3412,5736,3088,3213,1337
25,丘比特,1429,1020,604,2341,1956,2210,2074,2014,2344,3985,2702,2222,1941,1887,1846,1245,1371,1350,570,1549,505,1898,1836,1653,1404,1223,1610,2255,2181,1342,1361,1355,1612,2004,1677,1741,2597,2341,1074,1816,2417,3405,3542,3004,3023,3776,2
26,C2,964,794,473,498,911,1008,1444,926,1313,1437,1367,1424,1131,1156,1211,936,1105,1035,1497,1239,1107,1199,1127,898,1048,691,674,708,921,602,687,632,1281,801,964,672,621,668,534,539,905,492,714,666,535,642,518,673,496,501,282,596,395,535,407,448,449,288,291,392,330,470,587,477,213,749,1857,823,1309,1301,1370,1516,1335,1263,975,1023,1197
27,秀尔,901,702,800,1027,936,817,732,569,848,771,807,791,816,800,807,800,946,1038,1093,1127,1029,893,947,651,933,598,681,809,939,910,1159,811,905,735,1014,1478,1793,1030,1024,1239,1461,1591,1919,1552,2428,1702
28,同悦RS,872,1007,1267,2214,1841,1076,2085,2520,4050,4023,3813,3208,4351,2900,1136,3291,2282,3636,2560,2344,2552,2724,3577,3621,2509,5253,5725,4928,6042,6402,7023,5457,3982,2572,2418,2050,936,1390,2320,2842,5003,4396,9330,3959,5284,5894,5926,5064,5133,5431,4663,4900,4674,3378,3307
29,长城C20R,847,679,793,999,831,1422,865,579,753,894,825,368,854,389,423,648,2129,2366,76,1467,1750,2029,1757,1327,662
30,玛驰,713,212,206,37,65,71,75,60,116,161,109,91,604,933,1286,900,683,496,355,345,757,942,1121,1227,1244,873,993,726,1168,2207,2022,1472,2230,2531,3256,3311,5607,0
31,欧力威,610,1226,458,2184,4772,3408,970,20
32,利亚纳,541,449,299,587,518,570,743,838,1670,1013,748,228,243,275,769,552,441,865,685,605,1027,845,932,1206,1567,1081,1124,1350,1744,1690,2422,2188,2361,895,1080,437,187,160,62,140,99,128,289,185,322,68,164,345,222,291,315,55,405,791,602,355,235,311,253,164,164,349,118,352,200,385,1004,311,224,660,747,883,615,566,341,627,717
33,英伦SC3,535,441,460,387,730,1406,1548,863,2380,1970,1553,1079,1494,2234,2114,1687
34,Z200,462,352,341,435,536,407,346,356,638,593,568,581,420,391,428,557,583,1353,1154,1291,1151,3030,2160,1317,1273,977,1555,1617
35,金鹰Cross,367,274,388,363,529,751,729,1185,0,2045,1566,2100,2805,2044,2582,1980,2020,1947,2113,1583,1876,1502,1429,1560,1693,1239,2037,1889,1267,1312,1355,1386,1236,1576,1313,919,867,874,950,1040,851,970,1266,1109,1558,967,1232,1129,889,1184,1865,1595,1117,1492,1212
36,理念S1,322,951,1081,2752,1385,1137,2396,1237,1587,2786,1112,512,1118,1702,1358,2487,2135,3600,4060,2083,1623,3741,2583,1919,2933,1479,3552,3540,2804,2084
37,威志V2,274,99,158,201,292,220,32,183,519,476,688,671,738,803,629,1021,1024,1899,1751,2663,2548,1531,2609,3000,2418,1472,1411,1971,2557,2184,3178,1649,3147,2311,2081
38,锐欧,181,229,400,680,563,283,278,510,574,326,579,401,631,639,441,740,914,1052,1249,1053,1159,1484,1604,1618,2408,1599,1747,2346,2361,3304,3744,2991,5118,3866,4656,3433,4328,3834,3530,3067,3072,3268,3706,2915,4347,5278,4671,3120,3080,3080,3235,3187,3674,3311,2600,2587,3238,2107,1767,1950,2012,2555,537,730,795
39,派喜,109,80,88,135,53,14,18,78,160,71,172,153,70,-74,68,252,163,208,348,500,413,372,53,33,1,0,0,0,0,0,0,0
40,马自达2,106,74,67,90,180,123,178,161,152,176,157,170,484,120,0,0,122,605,457,461,297,321,408,641,814,692,639,453,582,843,1154,1033,1457,1298,905,1398,745,553,612,2516,2841,2973,2654,2434,2752,2206,2440,2244,2480,2022,1834,1998,1865,1865,1733,1347,640,878,801,1101,1071,738,892,1133,1533,1492,2148,890,1015,1528
41,雅力士,104,1315,1497,1591,1428,1352,1150,833,1370,228,662,86,1112,1553,1821,1366,1582,1266,1164,704,797,1682,1887,2243,2122,2352,1733,1279,465,794,1137,896,2734,2686,1806,2692,4021,1928,2344,2028,2544,2097,1937,1700,1279,2094,2619,1736,2232,1623,1670,527,444,1019,1450,966,1512,1624,1244,1644,1646,3616,4366,4752,278
42,夏利N7,82,142,142,70,109,249,180,722,592,843,933,772,499,336,535,1365,1433,1597,2003,1677,2415,1852,871,920,719,904
43,迷迪,58,170,189,100,100,170,277,150,160,327,190,221,163,71,106,212,242,240,351,200,174,100,100,101,263,391,405,445,398,267,708,560,583,455,693,501,579,610,601,808,651,900,910,622,772,813,636,539,526,520,501,551,550,500,386,300,202,71,54,50
44,雅绅特,38,11,21,72,71,52,88,2,43,71,50,92,36,96,110,149,320,578,613,497,588,481,754,727,1597,1212,1098,1768,2373,2850,2321,2259,2117,3104,3367,3144,5779,5009,5533,7986,6557,6931,7366,5418,8269,5805,6138,5148,8006,7003,4200,4769,4674,5078,3173,2900,3485,2685,2579,2523,2350,1231,792,2128,1730,1704,2002,1798,3106,2040,1882,2171,2400,2611,2636,1684,908
45,长城凌傲,23,90,117,192,117,115,116,52,76,111,178,282,296,137,129,242,340,113,144,229,87,68,111,14,7,282,36,25,58,17,25,19,157,248,161,93,143,277,344,837,1492,1475,1687,1512,1759
46,标致207,15,4,1,3,1,1,5,6,0,2,4,15,2,91,3,5,22,21,436,15,16,29,32,50,2344,1910,1791,3076,1823,2220,2743,2093,3303,2573,2752,2046,3188,1602,1294,1399,1206,1618,1930,1492,1891,3150,1603,1335,2232,1948,1509,1820,2247,2162,2121,1001,1348
47,威驰,5,68,587,524,513,114,5,26,71,112,105,207,440,675,831,1185,1211,880,1033,1129,1322,1639,1545,801,1014,1081,1190,1427,326,976,1129,894,1281,1525,1554,1417,2165,3942,1571,3835,1952,2593,5766,3852,4517,4735,3966,3970,4343,3726,3945,4437,3609,3107,2420,2618,1799,2148,1428,2143,3188,1418,2328,4431,5238,5412,3829,287,2482,2992,3201,2293,3324,3531,3157,2897,4025
48,骊威,2,0,6417,2,6684,6607,25,128,3731,5343,3780,1866,3773,8527,6484,14298,10315,8166,7728,8423,9021,10559,7854,8484,8774,8601,7139,6332,7254,8800,9771,5445,9757,10869,9508,8434,10303,8583,9857,8644,8949,8891,10030,6335,10711,7986,8266,9326,9336,7659,10667,9163,7540,8318,8577,6525,5372,6939,6127,6984,6860,4359,4813,7757,6269,6102,5313,3276,5193,5310,3709,3612,4629,4496,5550,7284,5742
49,威姿,0,0,1,0,0,0,0,0,0,0,0,0,0,0,0,0,0,169,0,2,0,0,2,1,1,2,5,143,0,0,0,0,1,24,15,0,11,1,2,3,40,10,6,16,38,15,32,31,34,23,27,48,22,37,172,100,134,27,136,14,25,29,50,99,89,56,595,363,80,80,206,203,287,145,169,134,93
50,长城炫丽CROSS,0,0,0,0,0,0,0,0,0,0,1,628,9,401,734,563,783,1059,1300,1554,860,1490,2009,2441,2278,2690,1581,3609,2965,3549,2955,3200,4374,3737,2760,2327,2106,2529,5372,4900,4290,6177,10445,12861,6475,4219,4500
1,朗逸,1858,4258,4034,897,28905,4662,7737,27661,6416,1501,3118,9168,11649,11506,11471,10325,19705,20000,20263,21996,15718,24071,23921,23121,23852,17293,3591,22980,22602,23439,22265,16483,23857,25017,25072,23180,20812,20227,18130,21538,19870,19487,22170,16289,19823,20462,15380,6257,12659,13249,13433,12225,12742,12495,12299,6900,8354,8950,6178,7823,8763,7180,4430,1068,0
2,捷达,26943,22001,25097,15926,16845,20435,19039,16999,24033,24056,19571,19149,19448,21809,20088,20995,22328,21909,22138,18365,12672,16394,16889,19371,19819,13839,15368,16772,17603,18773,21419,13474,28140,12480,20272,19280,19983,21391,19985,18904,17236,20287,17021,10128,27556,15078,20535,21278,20667,21053,17091,20722,20934,21534,21139,12586,12240,8645,17204,14945,15586,18927,17449,17738,18243,18967,20396,9077,25126,14609,17250,15255,17743,17535,17516,20311,19710
3,凯越,26875,21364,24093,22483,24756,25336,29875,14601,30264,15831,23381,23414,23186,22879,21729,24009,23085,23179,24134,23564,28680,13846,23885,24288,27994,23700,18383,22889,19398,17938,19242,13804,28149,17122,19160,21492,22610,20278,17915,13043,18158,18526,19110,14501,20585,24485,22239,22762,22625,17483,15675,21556,23101,23480,18321,14586,14840,14870,13391,13851,16474,12336,13949,15555,11140,13241,18035,15910,16718,24186,18492,15180,19462,15096,13042,15325,13252
4,科鲁兹,24744,20688,16857,19965,18229,17277,16007,13119,24477,16019,22216,20690,18338,20043,17268,21076,18977,15914,18678,20662,22711,17493,21862,19786,23216,19910,16371,16885,14162,14785,17354,15183,24225,16043,23843,17810,17264,11532,13355,11086,14524,15491,16259,13515,17030,18818,13880,10691,11031,9812,8766,8624,6834,3740
5,朗动,22789,16131,15301,19703,15816,17550,17109,12595,22177,17854,18910,18207,15243,11613,0,0
6,速腾,22715,23558,24835,24064,24087,20615,24942,17678,26184,19042,22886,22404,21109,21776,21844,19037,14575,9950,7345,7929,8399,10824,10246,10487,11589,12082,12813,11246,10724,10826,10382,3917,13189,5987,10992,10231,10558,9899,5715,9937,10444,9100,10460,6805,12759,6269,9852,8907,9610,10581,7926,9380,8376,7831,7510,4707,7763,3791,6378,6272,4770,4771,4200,5729,7211,7532,9683,3527,11592,5536,7551,6425,7297,6873,5819,7070,6924
7,新宝来,19977,21183,20499,21676,20668,19150,21098,13485,20045,14402,20119,20488,17936,20575,18258,19971,18568,19836,20411,18377,13794,19271,19923,17726,20195,18733,17151,16131,10788,10675,18091,14408,23949,12102,17878,16770,16873,17581,14442,16178,15544,13312,9716,4483,17658,7403,13183,12890,12885,13332,9676,12029,11232,9914,9007,6989,5817,4744
8,骐达,15555,7781,10930,12711,9938,8062,8192,6838,10458,5544,5649,5173,8246,11047,15167,18691,16334,14128,15627,15311,13295,11620,13228,12547,11139,10951,11552,13086,3410,4119,6672,3400,8349,7800,6575,5636,6466,6511,7962,7749,6248,7340,8367,5472,8491,6181,6572,7123,7145,5962,8323,7535,7286,7458,6158,4808,5731,8042,6577,6877,6674,4889,4379,6394,5974,5170,4348,3234,5656,7842,5162,5205,5919,5696,4476,5474,4408
9,帝豪EC7,15071,13175,15221,14047,14803,13732,14436,11557,18516,15977,16568,16481,15886,10153,10606,13946,8289,9526,10335,9221,9528,9605,8865,7693,7375,6903,6879,8260,8779,7115,8982,6513,9120,7008,8521,7672,6616,5206,5233,6063,6120,5216,4654,4496,3206,3000,2771,2247,1542,805
10,卡罗拉,14199,15610,12611,13226,14429,13882,15857,7134,8761,12813,9484,4761,9145,11269,14110,15191,16975,15603,18450,14777,9309,18481,16524,13364,15548,20290,18784,11110,2277,9148,16797,9881,17913,19036,17720,13850,13098,13343,13702,12390,11938,13543,16562,12794,14077,16518,14781,12508,14081,14286,15056,15208,9660,9390,9830,15122,11017,14398,13417,14706,12299,11657,10950,15639,15228,14482,11667,12015,15022,14893,16513,8163,7478,7876,7048,3771,102
11,福克斯,13965,13794,14321,12399,11221,12184,15755,9134,12905,17392,38362,33614,33587,25627,19079,26683,23140,21793,15267,12592,9748,16625,16119,14639,16369,12644,16891,17139,15129,15532,13039,11413,14317,12631,14808,14795,10352,16224,10829,12802,12473,13020,12271,11022,11972,11308,11285,10049,7718,9611,9969,6268,8261,8075,7751,10120,9755,9568,10450,11995,8074,12266,13334,10527,10869,13279,11222,10085,11247,10541
12,英朗,13790,13023,12001,10128,12202,14279,13287,11135,17873,7688,13209,12000,11306,11024,9807,11000,8750,8306,10049,9247,15189,6253,11219,6672,9081,7702,7346,6250,8510,7057,8720,5424,12507,6693,8446,8487,8406,5792,5006,491
13,悦动,12381,13366,10417,14726,14356,15454,14749,14096,23882,13972,21924,18317,20343,20142,22539,16725,18525,17523,15386,15315,14042,12704,13260,13228,18800,19133,13280,12264,14697,19525,17182,14811,22111,19719,21780,18775,22123,17838,15308,18345,19839,21065,26034,10912,21606,20878,21075,17064,24094,21092,20522,21319,23869,22890,18917,13887,13842,10716,8184,8425,7692,6277,7432,13986,12239,11023,0
14,花冠,12372,11913,14523,14010,13810,11472,14290,7292,11553,14676,9710,3866,7309,11499,11692,10484,10906,11405,13411,12375,7198,13686,12626,10673,12444,12674,12500,8003,1833,6176,11810,7417,10535,11641,11842,8234,9261,6071,6768,95,1178,7120,8066,5678,6789,7027,7110,5592,5811,4904,4862,4568,4816,5343,3002,1853,2223,3767,2824,3879,4577,5882,5877,4083,4694,3747,5128,2630,6460,6974,7378,2890,5402,4200,3715,2796,3912
15,朗行,12315,10247,8493,6122,2021,0
16,明锐,11487,8849,2858,11645,11900,12604,12017,8540,12561,9282,12305,12929,11425,11215,10300,11340,11851,11119,12182,13052,10616,10417,10700,10470,11250,11018,10047,10185,10444,11606,9378,9320,11615,8776,10502,10018,11912,11312,10021,10674,8070,5378,7559,6991,12013,7923,3617,9640,8730,8881,8522,6259,4879,8081,6799,4591,4750,5959,4505,4086,4865,3571,3500,5545,4304,6066,6700,4328,6070,5014,5006,4322,5315,5003,4044,3098
17,起亚K3,10996,10261,10007,11462,12045,11690,11060,10019,12741,11131,10313,5003,398
18,比亚迪速锐,10825,9104,7079,10209,9032,10074,12491,10090,12116,12084,10126,8565,7889
19,阳光,9795,5741,10070,6825,9218,9694,10255,7054,14420,9129,6581,5061,5972,10384,12732,18008,12503,14706,14808,13170,14766,15522,13298,12129,16113,11833,14900,15962,14263,8937,13865,9321,10811,0,0,0,0,0,0,0,0,0,2,0,0,0,1,0,3,59,1,1,5,2
20,长城C30,9745,8726,8529,7519,9930,13089,14353,9229,17238,14975,14698,10083,11193,9308,8346,8193,8817,10783,14403,15097,10608,15317,15209,15303,12920,10540,9543,14622,13012,11374,12119,7451,18283,24723,12394,11816,7620,7485,4232,3343,76
21,菲翔,9497,1001,2764,3259,3056,3005,3249,1917,4041,4095,4075,2184,934
22,朗行,12315,10247,8493,6122,2021,0
23,比亚迪F3R,8678,4802,3781,6634,6083,7315,10126,6023,11097,10081,8720,8206,9549,11343,8665,10416,10081,8216,13159,13750,12588,15268,11482,10851,13521,10754,8673,15548,19013,20849,15324,12377,3450,3892,3025,3292,2999,2729,2879,3679,4917,4309,5113,4946,9729,7506,6350,5241,4020,2661,1722,3478,1570,3169,2363,1985,737,388,454,620,333,454,974,944,66,446,97,367,493,1092,1151,980,116,1075,1029
24,世嘉-三厢,8454,6709,5638,7811,8342,10086,9227,8751,13413,11326,13618,11997,12137,8493,8046,8083,8736,8371,8505,8448,9282,12172,11528,10386,11727,8717,7570,8870,9243,9861,9204,8149,10702,8919,9349,8526,8754,6292,6077,5401,6245,6625,5784,5204,10002,8168,7402,6751,7452,5124,6039,5230,0,0,1562,1125,2022,3344,0
25,比亚迪L3,8109,6110,4890,8124,8080,8167,11338,6045,11075,12017,10044,6770,5512,5647,3783,4419,5529,4366,6443,7813,5524,7979,4988,2645,5407,1715,2199,2208,3495,2057,1683,1468,1057,1221,591,195,94,27
26,锋范,7194,4985,4496,9405,10197,11693,11084,5804,7286,9780,5108,5286,3620,9841,7222,12301,7867,9540,10519,8700,7129,17846,12491,10214,10657,8502,10497,8053,3251,7623,12267,8640,13461,13320,13795,11142,13241,9537,11977,8803,6875,9774,12212,9646,12310,13125,11020,7821,11101,9072,11505,11873,9613,7040,8370,5194,7455,4066
27,宝骏630,6515,4803,4095,4005,5518,7008,6715,4167,3435,5777,6429,6634,6158,4005,2008,4015,5013,6018,5012,8017,9006,8019,6018,5003,1945,869,0,0
28,长城C50,6239,4469,2957,4225,5894,5721,6021,3498,6829,6328,5570,4821,4292,3188,3569,2885,3983,3913,2496,833,424,136
29,高尔夫,6186,7565,6084,7016,8321,9000,9690,6088,11924,10224,9793,13427,11727,12139,10695,11282,12214,11986,12012,6217,5660,7290,8371,8921,9805,11188,11555,10703,9579,9218,4966,1068,7356,3968,6234,5770,6248,5857,2962,6018,5662,4351,5325,2567,2556,1682,1561,2003,569,0,0,1,1,0,205,1091,105,29,40,743,1025,317,32,71,90,258,494,78,399,107,169,246,365,482,522,865,491
30,轩逸,6057,6474,5365,3717,6678,5456,5572,3560,8293,5700,3593,2743,3144,5325,4499,2081,11177,11517,11853,10406,6195,9705,8761,10169,11862,10469,9726,7941,9947,11024,13781,8348,13694,12044,12978,8952,12318,10598,12238,12128,10914,12710,14285,9630,13716,12741,11649,11197,11107,9347,10198,8323,5953,7759,1444,3093,3364,6243,3983,4028,4529,2559,2885,4896,4890,4805,4706,3923,5777,8347,4627,5383,5631,5072,4462,2720,3632
31,景逸,6008,4668,3500,3007,4002,5088,6551,4276,9009,4500,5300,6618,5209,4208,4001,3798,5511,5707,6400,6518,6008,6511,6572,6518,7600,5296,5003,5528,6188,6717,6006,3130,8008,6948,5601,4100,2300,976,671,839,942,913,891,1002,1303,811,599,619,701,608,601,517,578,558,600,501,465,431,258,268,299,104,407,405,657,669
32,思域,5974,5142,4058,7367,6178,4543,6318,2903,6178,7523,4912,2313,5083,7520,7213,4863,5009,6035,7641,9598,12053,8727,7835,2104,1,4229,6779,5525,5994,8693,9008,8578,10616,6690,8088,8204,8896,7615,7599,8815,7447,9726,9691,8602,9825,9444,9191,8502,8008,8301,8146,8461,5910,7542,7033,6211,6619,5866,6428,4636,7166,6646,7402,7113,7020,7105,9640,5635,8756,7425,8272,6689,7267,6850,6835,6729,5617
33,和悦,5966,6725,4427,4900,4327,4900,8116,8216,12554,10070,11842,9226,8607,5568,4369,4455,5670,6679,7350,6701,6755,5997,6409,7420,7322,7154,6175,5543,5202,5272,9553,4771,10729,4303,9169,6438,6162,4355,3984,4932,5296,7500,7773,4033,5386,2880,1095,402,70,2
34,海马M3,5800,4253,3481,3080,3198,1867
35,莲花L3-三厢,5174,3777,676,2185,2756,1767,1298,950,3089,2999,3216,2567,2635,2835,1813,2002,2310,1632,1745,1501,2565,4002,3121,2950,2650,1756,1496,2146,3356,3025,2642,1525,1640,443,932,806,407,425,1398,1365,1656,1583,873,1165,1060,582
36,奔腾B50,5137,6214,5494,4721,6138,6830,7275,5291,8829,7156,8229,6492,6179,4908,4491,2608,4802,8871,7775,5858,7642,7273,9745,6279,7921,6549,5006,10397,11751,10406,13142,8253,16094,7226,8564,7768,6548,5489,5231,7444,6646,6788,6918,5072,8882,6048,5974,5959,4558,4140,4634,4390,426,9
37,标致408,4894,4387,4494,4560,4326,4356,5699,5030,5425,5268,5983,5366,4355,3682,3098,3676,4384,4657,4878,3839,4347,3819,3268,4243,4566,2761,5732,4633,5194,4400,5262,3831,5910,5172,5186,4084,4093,3226,3139,4069,5771,6104,1137,0
38,英伦SC7,4849,3516,2771,2810,4072,4066,4461,3150,5500,5376,5089,4146,2978,2550,3352,4766,3802,4179,5543,4905,5304,6606,6301,3886,3257,2863,2046,3161,3381,4603,5125,4487,5764,5911,6258,5241,5064,3696,2892,3703,3735,4106,3501,3380,3104,4381,2130,1095,545,783,416,354
39,Z300,4737,4127,4050,4157,4341,4704,5212,2818,5387,5192,4889,4728,4825,2513,1505,956,518
40,全球鹰GC7,4607,1783,1428,981,1509,2023,2370,2218,0,2226,1724,1863,1356,1236,616,697,1148,1727,2203,2148,1579,916
41,风云,4045,6161,6188,5150,5567,4835,6211,6283,8908,9348,3675,8158,8839,7164,7899,5896,7356,5753,6411,4804,4472,8975,4978,8940,8188,5678,5682,5169,5166,5586,8333,5238,10854,9750,8223,8466,7867,5879,3244,2561,5302,4940,3645,8700,5486,4052
42,桑塔纳,3996,2571,4239,10369,6586,7552,5350,4905,7920,8458,17242,12604,13111,16402,19139,28185,18704,20500,17400,14643,13481,18289,14694,15238,15207,11500,30994,18590,19764,19072,19684,13969,22485,25006,17937,18809,20746,19018,18435,18258,8174,11556,20814,15778,15613,26341,15034,18257,21154,17955,15113,18588,17194,16765,16229,11901,11117,16391,15202,10585,13780,12622,12207,16954,17562,20963,21252,20655,19762,20607,9633,5421,18843,19796,19798,20484
43,经典爱丽舍,3857,4914,4685,7304,6433,5662,7243,4413,4546,3667,4850,4462,4589,4182,3791,4542,5157,4834,6514,4765,4206,6411,5253,5038,6229,5140,4667,4943,4382,5690,5882,4891,6948,7800,8464,5750,5808,4644,4725,4905,5144,6685,6058,5739,6097,7780,6888,5331,6150,5462,4148,5531,6924,7592,7351,6307,5920,4520,4366,4925,5495,3639,5497,6011,5338,3766,3944,3055,4649,3377,3018,2856,3667,3087,1994,1966,2271
44,V3菱悦,3765,3670,3855,3214,3685,3802,4450,3407,6300,4899,3931,3040,4298,4796,4915,5303,5515,5797,6565,5692,5032,10055,7219,5057,7382,6065,4309,4806,4307,4568,5504,3316,6862,7576,8626,7216,6505,5554,3218,4498,5501,6042,6251,6002,8805,7288,6182,6460,7600,5548,4278,4464,2985,3597,3102,4536,3280
45,马自达3经典款,3495,1934,2740,2999,3520,3642,5909,3453,4453,4177,1031,1572,3815,1623,1335,2000,2314,2467,2573,2270,2115,8714,8028,7846,5129,4489,4692,6490,4246,5913,7593,3993,6889,10426,9003,7006,7115,5431,5500,2854,180,3122,4824,5241,7915,3632,6005,4608,4107,4197,4152,5002,4514,3511,3240,2588,2672,3140,1901,2674,2441,1264,1251,1678,2895,2977,2909,2324,3771,3534,2869,4221,5495,4115,2771,1539,1863
46,朗行,12315,10247,8493,6122,2021,0
47,天语SX4三厢,3165,1897,3082,3091,3430,2829,2148,1513,3899,2422,2653,1857,2171,3083,2398,4380,4861,4515,4216,4485,5029,5835,4472,4012,6171,4621,5710,6544,6102,6234,6678,4654,2219,1006,1737,1386,1327,1199,2342,2119,1865,1440,1212,885,676,930,453,548,786,1229,969,909,687,675,677,0
48,莲花L5,2966,2446,1928,1729,2111,1731,1016,1019,1722,1597,2065,1790,2005,1954,1405,1164,1300,1061,1107,852,1301,2139,1529,1358
49,力帆620,2819,2526,2092,4399,5386,5115,1287,905,1831,7072,7078,9559,7758,4950,4157,9016,9277,4021,2885,3330,1551,3962,3857,4055,4060,3563,2286,5176,3485,4531,2773,3994,1491,6508,3076,1188,1070,726,1891,1098,1388,1097,1398,1921,3227,3634,1853,1638,1654,1662,1754,1599,1711,1444,1406,1068,557,417,244,331,332,48,16,3,20
50,福瑞迪,2747,2008,2060,2085,2720,3018,3332,2401,5354,4553,5521,6290,6307,5510,6014,6405,7059,6852,8001,8601,9831,11181,11566,10458,12641,10066,9686,10127,10177,10815,9747,7740,13947,11269,11115,10446,10340,7706,6470,7230,7001,8003,7952,7504,10715,10018,8773,7369,7315,5135,5038,4650,0
1,帕萨特,20133,22199,11452,18446,19509,21503,20534,18060,27917,8601,23430,25995,21500,16444,14650,10432,9501,19050,18000,15906,27058,11279,13291,13571,14493,18006,10558,8940,4009,3650,0,0,0,0,0,0,0,0,0,0,0,0,0,0,0,0,0,0,0,0,24,269,30,147,46,157,1267,1956,976,474,716,213,223,324,449,1132,1755,1592,1579,1021,1013,517,1202,1270,1013,1244,548
2,迈腾,16968,14913,16829,18200,16162,15539,18227,9377,17273,15751,16354,16688,15602,15804,14696,15220,17612,16188,15994,7317,6438,10148,10140,10237,8922,4984,7799,6393,5729,7516,6349,2178,6970,6242,7736,7402,6655,6160,3391,6358,6436,7253,7495,6050,7681,6992,5430,6733,6304,6411,5312,5951,5653,5169,5346,3643,4074,4690,3688,4274,3053,3143,2939,2098,2896,5977,0,2943,7977,3225,5099,4496,4138,5516,4216,545
3,雅阁,11052,3939,6648,7534,9043,11759,10828,6268,6579,11998,7990,5223,5632,8818,6666,10323,7213,10138,12981,9757,7375,25036,13798,12644,14708,12833,11983,7915,6382,9038,14779,10780,20839,15336,15806,13347,16063,12586,15890,12415,9623,13491,15505,14026,17591,17185,17220,15265,16144,13514,16036,16399,14048,13325,17240,8536,10445,20265,14580,13730,16624,14437,17191,12035,15923,10067,21068,7000,7384,6903,10914,8479,12466,7393,7426,11773,10510
4,奥迪A4L,10345,10403,9847,10836,10027,11611,10968,6672,10215,7201,8251,8536,8137,8044,6631,8344,10290,8868,9262,8797,8158,7049,8340,8449,8474,9580,8832,8957,8198,6905,4407,1835,6236,4081,5910,5217,5851,5763,5483,4948,1881,5279,5441,4034,4578,4909,4379,4430,5766,4010,2695,3478,3040,2880,3540,924,927,1061,1044,1002,1553,1699,1706,1559,1745,2151,1,1621,2642,1435,2133,1497,1614,1678,1881,2013,1501
5,君越,9797,9188,6655,7133,5874,6279,7134,5879,9271,8601,8205,6567,8712,6817,6058,5516,5048,6952,7510,6713,9402,5143,6925,9091,8199,7658,8609,7960,7809,11447,11100,8269,11159,7112,11267,9344,10339,6098,6802,7288,10104,11332,10486,4288,9945,9761,7977,6561,7963,10031,7679,4642,4735,4555,4460,2891,3362,4191,3592,3608,3630,3561,4717,3711,4210,5674,5957,6882,3013,7454,4975,5448,4957,4806,3384,4768
6,迈锐宝,8814,8277,8662,8207,7983,8786,8287,6939,7880,7400,7697,7843,8280,6443,1587,1735,1660,1659,4289,3333,0
7,马自达6,8081,6343,6196,7678,6901,8073,8359,3830,9106,9682,7855,5680,7959,8371,7552,6300,4663,7920,8496,5455,5648,6700,9644,5991,8780,4253,4491,9432,12178,5643,12104,4138,8004,10991,9139,8011,8005,8374,8436,9278,7999,6667,6360,4905,6204,8580,5615,7045,10540,7743,8704,9716,5166,8082,7211,5277,6654,6878,4009,6119,6093,6500,5560,5542,5500,6004,5129,3700,8760,4339,5436,5503,5517,5002,4402,3755,3777
8,锐志,6672,3334,3852,3621,3541,5849,6640,3459,5629,4848,3878,1114,3430,5027,6055,6467,6642,6507,6635,5524,3719,7129,6719,6766,7776,6789,5357,5158,1058,3690,6192,3486,5302,7725,6247,4813,3376,2715,2660,3455,3168,4530,5659,3787,3649,3085,6162,4833,4509,3934,4426,4104,2603,3967,2165,2402,2097,3364,2610,4721,2718,3114,4598,4641,4383,4170,43,3456,4586,4141,4260,3423,3472,3999,4391,4309,3445
9,雪铁龙C4L,6392,4796,4288,4106,4022,1914,3001,2404,4355,0,0
10,宝马3系,5857,3600,4946,5610,6661,5747,4932,2937,6320,2085,4062,2625,2696,2105,758,6,5,11,562,3065,2814,3075,3321,2600,2944,2021,2512,2657,2694,2499,2342,933,2354,1354,1709,1182,1170,922,443,77,1232,1302,1939,635,979,1337,1500,1404,1930,1302,1570,1847,1240,1564,1848,1290,542
11,英朗XT,5855,5075,5183,4404,4208,4134,3366,3159,5821,2973,4507,4541,4005,4012,3305,4228,3235,3675,4015,2643,4598,2133,4050,3186,4140,3601,2936,3324,3506,3075,2748,1560,3836,2318,3246,3004,2998,2728,3288,3777,4179,4468,4118,1743,2499
12,起亚K5,4817,4343,4107,4886,4505,5028,5200,3220,5367,4638,5219,5002,4891,4662,4183,4000,4532,4506,4506,3002,3601,4342,3917,3425,4001,3502,3108,3245,3234,2898,2549
13,歌诗图,3901,3424,3690,4470,3901,4314,4627,2630,2953,4113,2854,1774,2809,3871,3784,5009,4513,4637,155,81,337,47,59,55,72,104,60,160,496,163,356,100,242,741,702,810
14,C5,3661,3124,2745,2787,3326,2862,3154,2513,3383,3644,4112,3519,3252,2779,2478,2456,3017,2523,2765,2294,2403,3023,2466,2910,2914,2517,2170,2845,2771,3004,3179,2324,3555,3623,3038,2400,3152,2126,2025,1907,3031,2628,3063,2326,5682,0,0
15,奔驰C级,3559,2726,3038,3489,3392,3051,3401,1483,2115,2801,2250,3811,3242,3860,2239,3352,3252,3543,1743,479,398,7121,3696,2293,2093,1718,2609,2353,2291,2235,2302,1707,2106,2901,2987,2343,2392,2280,2416,2479,2206,1877,2472,1450,2004,1723,1260,370,946,1596,1150,1266,1332,1406,1136,875,664,1472,640,980,894,911,634,592,350,398,450,0
16,CC,3348,3068,3889,3894,2437,2549,4677,2991,5783,3558,2477,3148,3895,3674,3301,3502,2792,2722,2615,2842,3063,2062,3251,2727,2676,4201,3591,4012,3884,3439,3300,1032,2401,2918,1915,2554,3690,3737,1406,1133
17,昊锐,2502,2964,1492,3041,2732,2425,3745,3429,7451,2772,3797,5685,4449,3706,3400,3500,3106,4008,2700,2815,4069,1526,2681,3580,4300,3074,2803,2683,4021,4506,4036,4185,7405,867,4708,3803,4014,3081,2309,2608,2682,2802,3511,2206,5205,3329,3471,2769,2258,1270,1471,48
18,君威,2172,7183,7362,7716,6334,7300,8258,7019,9707,8479,9204,7739,9026,7186,5841,6779,5621,5755,6145,5905,7760,4168,8190,8199,8589,6105,5776,6504,6009,6120,6508,5248,7470,5652,8109,7059,7669,5450,5331,6007,7478,8055,7843,3674,7059,7810,7798,6473,7794,7120,7212,7693,6446,6368,6190,5009,4069,6116,0,5,0,-1,1,1,14,285,529,1075,1891,2215,780,890,624,841,1074,1086,799
19,标致508,2145,2443,2024,1656,2144,2752,2362,2049,2699,2643,2538,2671,2696,2126,2173,2243,2434,2026,2357,1681,1338,2305,2423,2596,3417,4544,0,0
20,550,2009,1666,2096,2251,1725,2067,1158,1187,2424,4879,3212,2700,3290,2762,2114,3102,2915,3522,3575,3247,2297,3427,2819,2469,3264,3485,2767,2792,1812,2975,3954,4540,5992,5719,6461,4984,5934,5629,5791,7417,5276,8513,9197,6586,10313,5518,6076,5934,7146,6020,6005,5972,5007,5117,4274,3894,3606,2086,1933,2611,2026,2546,1197,0
21,MG6 Saloon,1885,1090,1188,1555,1389,1120,1096,1353,2228,3545,1925,2046,2073,1599,1140,1768,1417,2024,1958,1602,1300,2232,1841,1994,2213,2638,1460,1792,1582,1220,2746,956,1752,1462,1566,1136,1298,1596,1566,1912,2083,1844,1114,0
22,睿翼,1490,1178,1419,1766,1880,1428,1250,860,1522,1156,817,444,1370,1340,1194,1376,2113,1962,1829,1544,1503,1748,2489,1764,2608,2127,2678,4103,4367,1949,4113,1243,1829,7144,3363,4011,4215,2728,3585,2258,3016,4630,3657,1764,2711,5007,3665
23,名驭,1394,1037,1540,1156,897,742,1168,1087,1536,1041,738,909,1789,1096,1252,1061,792,1934,2333,2030,1928,2393,1685,1873,2422,2111,2260,2102,2773,2775,3222,2848,3082,3469,3206,2668,3562,2866,2498,3130,3584,4040,3782,2586,3490,3366,3138,2993,2688,2383
24,骏捷,1270,2264,1941,5107,4774,5333,4755,4201,3706,5247,4161,4226,6948,5378,9031,7766,8095,6419,5307,3253,6678,5113,6578,7285,9973,10090,10395,25894,13998,8126,11451,11750,13706,6506,13416,13809,12668,10581,9583,15372,14522,13269,12498,10685,18868,10806,12605,10752,10240,10611,9154,10493,4233,5583,6497,8240,7164,6546,5784,9870,8255,6318,7539,5865,5828,4394,3235,4951,4507,6193,5251,7046,7886,7300,7500,7523,7265
25,比亚迪G6,1258,2026,1904,2118,2145,2941,3056,3032,3098,5006,4789,4640,2747,2058,2327,2918,3340,2902,4804,3794,1750,5090,2151,388,39
26,景程,1244,952,957,1767,1828,2066,1593,1418,2022,1827,2040,202,179,1946,1165,2442,2180,663,995,2175,2781,921,1936,2309,1566,2104,2599,2133,2950,3559,2234,3647,5736,3937,4140,3862,3674,2880,2920,2629,5764,5981,6367,5076,6572,6807,5909,4649,3522,3333,3835,2929,2686,2580,2904,2319,3024,3047,2347,3242,3360,3004,3299,3330,4037,4335,4187,3760,5225,5410,4015,4015,3802,3027,3982,4093,2324
27,致胜,1180,965,1120,3756,5477,2036,4903,3475,7068,7223,7262,6485,6328,4594,4616,5482,6104,6324,5823,4063,4030,8095,7607,6486,5789,3184,2904,5240,6005,6061,6901,1621,4618,4593,4740,4671,4234,3800,2204,3757,4113,4882,4968,3951,5673,3446,4014,3653,4008,3889,3653,4114,4020,3771,3326
28,比亚迪思锐,1096,1882,1509,1530,1105,211
29,帝豪EC8,393,439,239,403,1021,655,1369,988,1800,1442,786,799,527,654,859,1043,872,780,1642,2664,1933,1368,1780,1571,1384,1460,1543,1840,1355,1155,1813,753,1108,666,669
30,思铂睿,365,459,293,699,639,911,819,477,721,1067,592,10,108,740,680,1573,1600,1034,1014,2034,1965,690,1005,1830,1922,1268,1268,1203,1204,1908,1855,1111,2112,1075,1393,1541,2015,1517,1548,1628,1582,2113,2090,900,2000,2752,2309,2448,3700,791
31,力帆720,362,42,57,740,1102,144,369,7,10,40,36,67,27,34,10,0,0,0,0,0,0,0
32,950,232,187,296,202,615,493,313,381,513,407,407,475,406,530,746,1312,315
33,中华,85,21,98,90,68,38,72,55,21,86,99,46,73,50,174,169,417,335,225,23,154,10,85,48,79,76,54,204,474,242,156,117,487,44,130,680,320,635,143,300,404,637,2501,590,791,839,1190,1205,1255,1109,1013,1997,304,478,421,500,749,2313,2937,1121,1072,1091,1230,1459,1452,675,909,1416,1720,1558,2217,1935,2700,2500,2976,2735
34,东方之子,74,121,200,20,18,39,14,11,0,33,39,57,0,0,0,0,3,6,59,80,79,4,35,28,30,42,26,5,91,67,415,341,177,249,120,105,284,250,161,168,171,207,270,477,388,216,115,196,455,492,283,235,233,30,74,206,111,216,229,165,139,134,1002,696,319,648,706,495,1378,984,887,877,431,560,1599,1823
35,瑞麒G5,30,36,25,43,61,70,71,39,109,124,107,68,43,77,95,93,98,95,107,189,145,222,201,501,519,29,50,17,60,183,128,42,151,391,509,713
36,MG7,25,9,2,15,21,4,1,3,4,12,19,10,8,7,17,25,30,34,45,25,51,82,19,30,83,134,67,30,46,28,65,15,160,87,114,57,115,77,43,112,136,177,222,196,270,598,297,404,254,169,207,231,315,238,314,269,324,412,376,571,565,182,141,293,396,506,260,298,357,851,936,1026,318
37,路盛E70,17,154,301,152,109,95,78
38,750,15,13,5,7,7,41,21,23,53,101,47,16,92,17,13,46,20,39,32,12,84,179,100,122,148,291,260,442,398,173,116,326,919,227,390,225,276,215,613,668,559,797,802,692,1306,1001,508,573,872,1007,1104,1071,770,981,1237,983,512,777,757,896,1117,1064,753,2006,1800,2006,1536,293,651,1894,1044,760,1481,1673,2065,2316,1901
39,戈蓝,12,14,16,27,16,17,16,9,21,26,19,14,16,17,23,29,31,51,104,70,25,107,48,45,87,84,57,67,81,78,56,68,152,83,107,206,160,114,153,132,239,211,301,231,272,711,317,376,360,178,197,373,240,243,234,142,170,420,344,288,366,139,93,202,195,139,858,404,786,697,789,675,1475,1231,863,282,284
40,天籁,2,0,7,4,10,24,368,81,2075,3669,9305,1929,5036,4173,5080,10794,6897,7818,16731,10200,8440,16120,14900,13460,15193,11648,11818,13175,12036,9749,13114,7307,17645,10849,10108,11827,16548,7369,10862,12638,12406,12803,13407,8735,13290,10447,9976,11529,11088,8821,10973,8951,8882,9003,8186,4414,6234,6969,5002,5501,8001,7070,8089,2901
41,华泰B11,1,0,2,4,0,2,1,8,23,1,29,1,1,4,6,6,3,11,25,18,26,54,58,45,30,27,16,51,0,858,860,868,450
42,PASSAT新领驭,0,2,0,0,3,3,-1,0,13,42,480,1442,1399,1346,1960,3790,2202,2307,2843,2000,2943,2150,3606,2800,3550,4009,4711,4413,3386,6896,10111,9318,13111,10981,11979,10446,11017,8675,10700,11358,12644,12149,12549,7414,11059,13245,12429,9596,9655,8698,9213,8501,8602,8244,7313,8193,7610,7085,5196,4173,3920,2612,4128,11678,9280,11671,11497,9220,9053,10568,9481,9137,9432,7595,7964,8431,9226
43,领翔,0,0,0,0,0,0,0,0,0,0,0,0,0,0,0,0,0,0,0,0,0,2877,572,170,619,310,229,380,536,766,1825,1630,1827,2485,1859,1467,2742,2049,2192,2096,2614,1590,1355,156,1739,2754,2489,2010,1213,1225,882,1139,446,646,709,625,1468,319
44,比亚迪F6,0,0,0,0,0,45,32,109,307,0,15,51,81,53,39,3,25,360,1,4,26,96,16,42,163,231,826,844,882,2281,2537,1749,3227,3355,2816,2888,2308,1858,2612,4640,4631,4839,8056,4715,8933,6163,5054,5203,5709,3653,3878,4705,4791,3021,4236,3517,2510,809,807,1394,653,1275,843,1138,1496,1076,759
45,远舰,0,0,0,0,1,224,264,200,193,332,336,357,209,300,633,104,306,231,362,608,377,283,249,427,211,201,442,323,209,155,328,68,228,560,28,208,634,324,253,514,279,232,169,15,120,142,62,305,0,304,748,202,344,141,121,121,83,195,166,442,391,318,455,101,413,453,358,609,1156,248,530,464
46,宾悦,0,2,0,90,318,119,22,30,51,62,6,12,30,21,41,58,69,153,439,65,91,42,54,56,88,129,106,12,14,54,59,115,160,79,61,142,183,428,116,102,142,338,551,414,511,228,222,325,298,201,302,388,461,531,304,76,209,13,144,310,530,248,286,1362,517,866,1177,1137,1701,188,107,68,97
47,赛豹,0,0,0,0,0,0,0,0,4,0,0,0,52,48,24,0,40,0,112,0,85,0,0,0,75,0,4,2,71,2,83,10,68,242,9,21,21,13,9,124,137,201,35,95,277,219,205,251,206,179,250,364,369,457,455,451,501,209,373,317,351,516,1426,863,678,637,692,465,540,387,439,576,330,287,331,318,408
48,旗云5,0,0,0,35,6,1,5,7,23,21,24,24,38,79,126,140,136,589
49,江南传奇,0,0,12,4,9,8,2,0,0,9,4,4,12,7,20,1,55,63,40,10,33,2,39,23,36,27,31,123,19,3,19,63,39,30,63,98,76,61,8,32,100,100,103,100,90,52,50,50,20,15,20,28,25,23,34,60,111,115,120,200,85,100,10,19,45,11,25,60,46,20
1,奥迪A6L,12903,13351,10577,12074,11723,13201,13846,8768,16706,7911,13854,11916,10629,10875,12564,22155,23009,19173,14864,8793,8408,8931,10120,9928,10352,11891,10012,10123,8921,10001,10322,2919,8286,10228,9358,8628,9415,9711,8991,9778,10639,10508,9983,7901,10213,10338,10419,9550,9226,9377,8440,9477,8692,7067,8744,6858,7837,5985,6331,6687,7634,7866,7680,6708,6076,7971,14564,5161,10712,4340,6135,6351,6467,5963,6333,6707
2,索纳塔八,10110,8486,8163,8373,10078,10286,9123,6785,8429,11933,7595,7687,7571,7051,7351,7823,8522,9160,9222,8556,8006,11253,10342,10115,10015,7005,5009,6007,6317,6002,0,0,0,0,0,0,0,0,0,0,0,0
3,宝马5系,8491,12551,11568,10886,11016,11206,10807,8299,11561,9028,9511,7872,9857,10900,9226,9572,11042,8129,8206,5991,6605,5704,5296,5517,5029,5297,5310,5539,5717,5332,5797,4207,6749,4910,5051,3827,2978,4426,3260,3099,2797,2650,3879,2090,2052,2194,2248,2361,3194,2545,2595,2543,2636,2319,1781,1424,1783
4,奔驰E级,6457,3286,2126,2218,2138,2958,2847,1330,2390,5208,2428,3467,4123,3196,1919,4331,3999,3728,3363,817,186,10406,4237,3824,3567,2535,2477,2713,2766,3017,3704,2670,3078,3333,2362,1569,1914,643,1233,0,0,0,0,0,0,0,0,0,0,0,0,0,15,1126,823,22,259,1158
5,新皇冠,2745,1263,1538,1574,1592,2337,2636,693,1040,905,1249,820,2489,3950,2008,699,2901,3092,3029,2580,1734,3694,3757,3630,3385,1736,1690,1598,626,2237,3557,1835,2708,2878,2924,2634,3454,2115,2522,2880,5540,3855,5093,4866,6400,4669,587,2286,3351,3485,3692,3492,3212,1791,1482,2791,2018,2467,3155,4170,2678,2350,3660,4033,5191,4630,4592,3837,4128,4979,4887,3743,5055,5404,4237,4223,3742
6,SLS赛威,1848,2030,1420,1672,1,837,1029,709,706,472,422,469,385,415,514,490,559,513,531,510,631,522,544,600,690,654,596,578,639,340,612,524,504,354,302,400,370,403,634,200,561,447,6,321,400,335,284,410,187,239,233,105,90,279,128,161,242,295,143,377,280,185,86,233,224,540,357,311,363,254,349,304,234
7,睿骋,631,168,281,1009,1067,220,330,459,19,67,31,20,44,19
8,红旗H7,212,324,319,155,86,23,210,22,82,37,32,39,19,0
9,林荫大道,2,0,2,2,-1,0,0,38,116,1037,16,23,95,23,27,36,38,57,47,51,51,176,218,194,246,251,237,230,258,130,79,107,80,104,144,93,295,143,175,123,130,443,586,365,775,945,591,406,240,333,313,349,284,327,198,68,164,406,212,240,380,464,537,672,317,230,284,351,731,536,703,1005,403,1061,1317,528
1,哈弗H6,21135,20965,18959,14164,15667,15413,16795,13702,14111,11512,10090,10454,10776,7417,9600,10856,7845,8252,7465,8412,9047
2,途观,17301,16996,16613,16485,15256,13192,16721,16890,21818,4590,12106,17789,14000,13788,15448,17844,14102,14000,13500,15487,20408,6790,8322,13351,13387,13301,11457,8863,9181,10569,9339,11680,12932,930,9218,9514,9633,9317,9800,8154,6146,3698,3365,337,343,0
3,ix35,14271,13949,13306,12710,12006,12001,12718,10497,12316,13927,14580,12519,11551,7014,7319,7150,7849,6293,7837,7024,5178,11000,10000,7610,8001,8294,8139,9084,9680,4963,9383,6866,10003,8897,8513,6815,8975,8161,6653,5372,5458,4399,35
4,逍客,12668,9604,8711,9550,10770,9332,9559,4395,8723,7615,4947,2409,6696,7109,8257,13372,9029,11602,14109,9399,10599,10550,11113,11827,12514,7506,10542,11025,6976,7459,8290,6370,7132,2503,5155,6437,6878,6740,5166,6811,5081,5212,4877,3160,4055,2973,2860,2980,3492,2886,3500,2779,2593,2696,3003,1967,2148,2048,2444,2158,2141,1780,2112,3001,2404,2661,3023
5,哈弗M3,12517,11261,12819,12315,10161,11121,11765,6699,11490,9278,8139,8504,8316,5839,5629,4332,4672,1901,1644,1124,725,2354,2140,1344,1284,1128,879,1730,1746,2003,2032,1886,2548,2389,1986,2725,1928,3221,4357,4910,2015,2269,2050,3121
6,翼虎,10365,8691,9495,9248,7892,9591,9572,1109,0,0
7,比亚迪S6,10233,7115,5050,6120,5101,5125,7062,6047,10425,8059,7765,7636,7820,6517,3505,7266,6518,5772,10338,9834,5821,15012,12296,9647,7547,5785,5068,3204,1535,104
8,奥迪Q5,9685,9710,9025,9365,9599,7622,7063,5060,8475,7063,7943,9041,8684,8129,7450,6609,6928,7108,7960,6716,6526,6099,6502,6284,5993,6428,4917,4819,4523,4405,2714,1442,4506,3441,3603,3629,4146,4213,4046,2955,1388,2176,2886
9,汉兰达,8320,6514,9042,9205,6394,7150,6684,5250,8025,5994,6709,2986,6111,7183,7637,8397,5732,4933,6764,7576,5037,10280,9473,8464,9462,9661,8817,6022,4428,6601,8231,5776,7420,7709,7594,5612,7511,5886,7085,5381,6183,6524,8011,5731,7729,6713,6215,5650,5991,5225,3257,2351,64
10,CS35,8316,5031,6100,5994,5734,5762,6036,3700,5448,3107,2539,927,306,13
11,翼搏,7664,4892,5991,5661,6231,5774,1810,0,0
12,智跑,7546,7019,6059,6981,7601,7258,7241,5579,7887,8081,8491,7769,7444,6478,5523,5286,6189,5844,5904,4459,4496,6399,6169,5622,4438,4649,5462,6013,5401,4950,5709,3754,5775,4270,4427,3016
13,新胜达-进口,7422,6517,5090,5552,5010,4493,6030,5515,8427,7033,0
14,奔腾X80,6465,5271,4425,4589,2676,1067
15,昂科拉,5559,5059,4914,3615,3271,2696,2741,5437,7881,3990,6025,0
16,瑞虎,5148,6316,5891,5883,6744,6251,10821,5124,7938,8532,8131,7429,8446,9484,9083,8358,9133,8468,12895,5984,8070,9284,6829,7290,8079,10379,8295,8808,6922,9391,9096,5563,9402,8558,6466,7449,6042,4986,4577,4114,3185,5353,4658,3862,5812,6219,4686,4896,5294,3697,3899,3968,3178,3311,2669,2084,2065,3851,1424,5078,4644,5924,5450,5247,5310,4239,3857,2487,2644,2846,5257,2723,5384,4076,5103,5420,4340
17,奥迪Q3,5038,5951,4903,4866,3708,3780,682
18,途胜,4829,4267,3934,4600,4708,5191,4166,2595,3446,6849,5000,4133,6005,4772,4582,5840,3119,4971,4370,3245,3298,4521,3377,3420,4294,3046,3223,3596,4803,5039,5643,4058,6168,5095,4899,4985,5592,4334,3629,4225,3807,5040,4955,3964,6002,4481,4579,4971,5243,4394,4281,3908,3856,4050,4013,2946,2623,2651,2154,2540,2705,2138,2084,5244,3835,4407,5185,3316,4949,4347,3990,3955,4603,3810,3748,3062,3296
19,新劲炫ASX,4823,2800,2362,3319,2200,1700,2101,1501,2017,1086
20,哈弗H5,4687,4832,4730,5294,6310,6477,6127,11512,10090,10454,10776,7417,9600,10856,7845,8252,7465,8412,9047
21,标致3008,4671,3518,3839,3324,4815,4288,4185,2754,5196,0
22,传祺GS5,4657,4115,4546,5987,5486,5558,4969,3456,4428,6317,4319,2814,2796,1663,2160,2106,645,172
23,力帆X60,4656,1994,2911,2943,1071,2217,2860,3329,4869,2885,4170,2771,5598,3033,605,1883,776,339,292,345,360,1940,3720,601,699,893,512,250,146,43,10,17,0
24,全球鹰GX7,4654,3364,2430,3311,2985,3024,5001,3501,5316,4945,4847,4571,4311,3013,3007,2184,2112,2307
25,狮跑,4206,3520,3363,3461,3611,3684,3584,2961,4163,4224,4110,4242,3768,3372,2754,2914,3436,3468,3201,2835,2854,3832,3725,3677,4039,3048,3144,3741,4498,3839,3242,3406,4563,4134,5627,4388,5962,5395,5147,6810,6101,6405,6206,5039,6526,5730,5295,4680,5003,4160,4002,4002,4001,3180,2001,1202,632,3141,2586,2506,2333,1701,2535,1950,2001,1762
26,骑士,4051,4220,3304,4418,3522,2633,2991,2564,2463,3975,4001,3530,2253,1168,629,1589,1296,1006,1682,2325,1655,3209,2644,2445,2592,2741,1847,2047,1533,1706,1881,1740,2234,2538,2378,2387,2210,2075,1908,1274,600,158,23
27,科帕奇,3712,2167,2202,3156,3213,3023,3252,2462,4413,3178,3797,3367,3944,905,400,1134,972,451,215,322,916
28,奔驰GLK,3461,3641,3826,3340,3164,3193,3253,1621,3057,4591,4012,4151,1694,2835,1824,2646,2060,1344,667,0,105,259
29,5008,3083,2760,2615,2752,3112,2294,2259,1256,2985,3127,3207,3229,3102,2995,3217,3810,4156,5032,4611,5858,4792,7664,6296,6032,5091,4479,6971,5262,5367,5693,7056,5843,7595,8925,7945,7465,8311,5526,3875,4548,5031,4761,5269,6332
30,陆风X8,2085,1736,1720,1845,2115,2012,2005,1218,1172,1113,1371,994,907,702,528,1087,1087,905,1181,1182,991,1317,1066,966,783,579,349,1422,1073,929,1482,1263,947,1005,1148,932,901,1021,1082,1256,1463,1001,1227,757,626,411,177,122,107,165,408,228,503,206,123
31,普拉多,1860,1972,2043,1582,1105,1902,1849,1206,1328,1198,685,663,1277,1912,2232,1932,2085,1674,1907,1860,1281,2518,2288,2087,2058,2105,1822,1479,1165,1407,1860,1461,1653,2181,2031,1716,1966,1989,2114,1169,0,0,338,706,1084,1865,1471,1149,1112,1042,1186,1111,896,621,591,518,344,607,652,1033,1230,1446,1541,1388,727,1400,1429,976,1219,1413,1202,868,1083,1152,1092,1023,802
32,大7 SUV,1714,2024,711,1377,1000,1688,2286,1432,3123,3479,2961,3031,2800,2087,2333,2363,2145,2256,3492,2462,1697,3694,1653,1693,18
33,驭胜,1534,727,1153,856,325,352,1099,1290,1669,1733,761,952
34,奇骏,1533,1096,1048,935,1316,830,1067,827,1152,1015,890,438,1196,1648,2012,3012,1869,2573,2448,2603,3165,1961,2858,846,2385,1845,2336,2375,1848,3260,3172,1858,3520,2247,3240,2800,1476,2520,3932,3892,2866,3005,2923,1654,1456,3389,2116,2315,2219,1756,1835,1700,1614,2022,2020,1544,1528,1563,2603
35,圣达菲,1367,781,977,1427,1620,1702,2278,1690,2373,2545,2381,1872,2145,2344,1866,2180,2700,2474,2916,1954,1504,797,756,759,984,897,715,1898,0,9390,8660,8183,6906,7842,6893,6905,6957,6107,5753,5886,5787,6012,6190,6028,6799,5588,5108,4706,4681,4321,3860,3830,3518,3430,2998,2726,1930,2142,2091,741,979,948,884,914,445,614,652,1135,859,1144,812,1056,827,1145,910,1002
36,英伦SX7,1062,1172,794,1018,1034,1566
37,W5,918,815,624,938,973,967,1100,671,1172,1126,1290,829,767,558,570,719,357,265,264,334,317,777,684,850,882
38,宝利格,613,551,541,723,790,963,1208,1078,1630,1476,1104,938,806,724,331,166,16,72,293,500,249,388,122
39,兰德酷路泽,520,687,352,460,426,312,319,249,417,646,404,276,432,555,414,473,462,356,530,264,496,794,777,602,682,797,671,559,280,350,693,453,595,854,767,522,503,505,430,471,461,399,448,386,403,484,305,115,243,265,238,352,167,130,75,63,87,146,194,469,495,494,519,482,470,440,456,336,233,90,5,56,326,338,197,267,259
40,帕拉丁,433,429,346,369,420,297,370,229,515,627,318,362,368,361,459,495,344,432,546,405,644,778,610,860,705,763,731,454,320,613,1029,622,714,1056,843,725,636,548,718,561,575,758,818,593,860,617,707,658,748,608,682,1248,993,785,508,520,325,855,982,964,960,759,844,893,926,1020,1317,724,922,971,966,593,776,612,698,798,788
41,帕杰罗,377,467,664,174,86,205,352,157,223,560,0,2298,1,581,700,352,275,35,1,967,821,877,789,475,425,629,710,1009,470,617,77,2027,111,822,907,932,804,1019,931,678,985,348,566,741,0,0,0,0,0,0,0,0,0,0,0,0,0,0,0,0,0,0,0,0,0,0,0,2,1,0,0,0,0,0,0
42,旗胜V3,366,382,334,319,337,611,696,532,528,538,400,357,385,373,419,404,510,434,739,610,676,626,411,444,327,239,113,17,5,4
43,飞碟UFO,363,235,270,351,344,393,407,239,580,326,411,395,438,377,280,377,323,548,496,551,135,620,483,371,502,257,408,422,490,493,1113,320,355,1570,658,801,431,944,459,408,486,742,742,380,673,739,554,414,342,363,0,0,0,0,0,0,0,0,0,0
44,旗胜F1,337,302,390,347,331,245,294,490,597,443,513,523,295,347,375,402,451,437,594,1490,279,765,631,515,625,576,530,695,775,825,1137,1358,2112,960,1506,1294,1116,918,785,797,841,858,1056,607,476,683,647,629,471,300,354,43,58,127,110,142,244,239,108,130,169,162,173,46,136,184,187,50,9,3,0,0,2,0,1
45,猎豹黑金刚,308,290,880,681,1180,1030,839,528,615,480,894,666
46,战旗,163,37,166,169,42,147,143,161,225,322,220,94,144,217,160,392,619,258,349,380,64,213,544,460,358,484,378,75,35,24,172,18,315,37,146,457,480,557,404,458,506,467,435,13,411,244,231,613,545,547,523,530,623,812,200,301
47,挑战者,143,128,148,136,133,147,143,181,218,183,154,163,110,108,117,166,187,181,271,202,97,232,191,171,175,186,169,164,172,213,266,187,227,137,219,204,182,152,141,208,238,194,105,455,357,128,178,159,139,122,117,143,174,219,66,16,41,31,33,50,16,16,54,25,32,44,52,92,111,158,122,124,46,70,34,85,127
48,奥轩G5,135,198,92,144,160,163,161,257,194,107,168,133,163,159,250,184,89,256,330,426,105,311,155,192,118,150,73,325,112,79,149,134,659
49,中兴无限,131,115,107,115,171,310,573,195,267,432,411,447,446,461,369,263,495,441,441,371,248,328,299,269,456,517,1312,1762,1797,2006,1880,942,1389,1680,1435,1369,1010,1002,986,1861,2258,1356,1803,802,1544,2120,1679,1023,795,534,362,463,516,637,531,652,688,618,617,616,597,381,495,421,413,406,495,367,542,516,687,543,212,171,350,454,515
1,五菱宏光,51211,41806,28778,29051,27268,31199,50032,32048,47765
2,菱智,10023,8500,7611,7182,8611,10112,11449,7782,11129,7195,6850,7310,7001,5813,4818,5550,5600,6511,6400,5395,4280,5279,3488,2300,1630,1710,1015,2037,200,207,256,111,2025,1788,2061,1715,2109,1954,1538,2123,2383,2229,2234,1220,2405,2131,1574,1382,1826,1401,1195,1388,1224,1325,1539,1133,742
3,欧诺,9718,10010,2307,8301,5770,3499,11297,9787
4,瑞风,4354,4187,1197,4351,4353,4979,5874,3663,5461,4156,4350,5107,4813,4871,3936,3915,4751,4711,4724,4363,4291,3047,4515,5778,5840,2982,2905,4239,4124,4795,7116,4242,8644,2918,6567,5910,6355,4982,4880,4744,4545,5398,6734,4095,7547,2904,4665,4106,4924,4127,3726,3455,4035,3943,4561,3047,2540,2153,3138,3006,3039,2328,2419,3291
5,GL8,3825,3867,3271,3190,3700,6244,5457,5072,5575,5028,3503,3340,3281,2945,3399,3220,2353,3174,2605,3148,3134,2127,3287,2361,2699,4613,4754,3827,3884,5000,4381,4425,3664,4124,340,4368,5015,4742,4453,5167,5229,5602,4700,2717,5698,6397,3459,3574,3707,3561,3592,3606,2861,2971,3083,1955,1337,2660,2229,2434,2455,2828,3754,3381,3499,3848,3110,2556,3532,5099,3798,3514,3992,3717,3922,3359,2958
6,途安,3646,3276,3823,3508,3856,2960,3670,2581,3857,541,3791,2700,3512,3639,3269,4968,2783,2000,2240,2701,3900,3123,3604,3380,3594,2320,2432,3327,1626,1887,2129,1241,2578,2668,1290,1556,1579,1062,1042,815,961,3205,3328,1746,2785,3410,1458,2320,2095,1654,1370,2210,743,1629,1465,1067,337,862,785,1060,1196,695,413,1519,369,1159,1745,1328,897,1055,920,921,1113,1171,419,819,791
7,森雅M80,2969,2987,2438,2261,2239,3648,3930,3800,4387,5198,4505,4674,3316,2351,1757,2074,2884,3508,3487,4566,2950,3958,4441,5005,4857,2506,1691,2190,2801,2882,3708,3310,3741,6676,6816,6048,4339,4389,3488,4528,2405,3146,2182,1946,2536,2791,2063,1032,783,6,205,351,34,420,426,288,468,415,391,423,406,394,482,372,513,513,81,321,371,440,360,214,231,441,327,113
8,帅客,2910,2414,2326,2931,3736,3231,2879,1443,2374,1555,1615,1501,1683,1570,1513,2605,2617,2824,3089,2791,1794,1696,2619,2519,2113,1265,1901,1883,2641,2248,2517,1281,1465,2338,2755,1601,2334,1049,794,710,1400,2155,1733,1138,1336,459,718,535
9,阁瑞斯,2069,1440,1057,1803,1404,1119,1390,812,1182,1669,1433,896,1340,1262,1280,1909,1687,1806,1449,1002,1065,1278,1633,1615,1841,1600,1136,1814,1172,1768,1784,1252,1376,1531,1262,1249,1801,1375,1392,1643,1400,1700,2000,960,1800,1506,1945,1660,1997,1100,936,305,888,1646,1262,769,650,1376,1027,1053,834,729,969,1055,746,850,1430,801,1209,1238,2302,1201,1088,958,1000,600,400
10,奥德赛,1863,2168,2408,2483,2159,2422,2312,758,1859,2075,1302,647,881,1761,1745,2594,1635,2300,3324,1663,973,2843,2427,3242,4173,2901,3092,3259,944,1976,2352,1578,1617,4905,4152,3351,4129,3081,4069,3558,2983,3961,5313,2706,3602,3743,3204,2981,4503,1367,249,1489,2174,2398,2414,2003,1861,1618,2812,2523,3020,1645,1509,2001,3088,3635,4445,2356,221,5376,4708,3520,5244,4072,3927,3597,2877
11,逸致,1674,1524,1510,1717,1763,1683,2321,724,348,393,1437,202,1799,2582,2368,2301,1730,1298,1023,1164,989,2918,3340,3212,3284,1691,2293,0
12,NV200,1536,1901,1296,1537,1698,1496,1671,803,876,868,597,1280,1078,1106,1126,950,2134,1409,2136,1508,766,1189,1006,1383,701,1258,1762,1225,1379,1104,2093,1009,1297,1857,1462,1477,1639,1323,1853,1734,325
13,艾力绅,1011,998,595,1042,1059,1576,1116,496,683,718,551,343,1129,1518,1867,740
14,普力马,887,503,307,1093,979,1380,1662,1513,1561,2756,1762,1785,1416,1407,879,1620,1071,1747,2154,2427,1629,3136,2210,1599,1730,2252,2448,2040,1875,1874,1379,924,1519,2209,1118,1818,2158,964,2299,3159,3477,2737,2115,71,9,109,467,100,523,-156,73,35,107,65,59,914,196,621,437,500,335,534,304,269,344,324,380,474
15,比亚迪M6,762,801,651,737,648,323,235,202,0,90,98,48,98,115,92,97,104,106,130,130,26,48,53,102,292,270,256,85,429,352,167,218,563,1197,550,404,322,210,17,6,7,6
16,长城V80,648,661,633,615,758,735,758,387,799,852,646,675,521,454,521,604,399,198,44,344,269,312,422,351,289,268,195,398,476,600,620,394,959,1342,963,743,11
17,奔驰威霆,637,479,486,469,402,457,511,239,375,519,305,362,361,398,326,296,232,249,170,89,81,327,381,243,452,396,436,552,458,226,236,20,63,358,256,209,289,513,346,394,449
18,马自达8,611,491,392,332,471,518,410,315,413,17,40,138,391,422,328,341,273,147,337,263,162,521,525,283,654,665,536,302,712,268,659,383,660,1088
19,奔驰唯雅诺,435,405,336,441,418,411,299,93,181,405,398,484,271,210,327,435,319,231,71,58,53,366,470,578,730,703,723,602,638,839,638,330,370,1120,885,913,1117,867,834,902,1259
20,麦柯斯,121,135,122,133,61,90,68,71,123,135,125,132,146,100,97,142,139,217,195,144,228,154,115,151,216,165,180,303,353,425,459,257,417,345,430,381,430,431,393,455,452,495,489,295,453,372,487,416,431,433,414,438,436,454,265,147,307,159,173,228,275,127,438,329,419,707,410,602,496,465,207,279,173,349
21,御轩,99,55,56,21,59,37,76,59,116,102,33,55,35,49,50,67,73,69,119,111,97,122,108,82,130,129,59,116,149,106,196,66,181,274,248,296,170,134,137,92,116,140,315,217,213,88,185,238,320,547,152,166,92,111,248,108,144,134,182,235,231,89,74,69,37,131,65,120,192,343
22,大7 MPV,92,82,103,221,252,209,0,0
23,君阁,68,51,106,77,85,44,93,17,64,123,72,56,79,51,59,115,100,108,150,118,56,165,101,165,119,141,142,177,114,201,64,129,137,162,163,133,344,233,169,218,218,243,302,185
24,陆风风尚,35,62,0,0,1,10,0,4,129,98,45,44,-1,1,-10,13,13,97,75,66,11,44,63,144,27,171,4,143,63,72,120,58,87,39,56,44,82,24,15,23,17,45,16,60,79,77,69,76,75,102,139,51,39,44,118,19,5,16,24,136,29,47,157,84,62,91,65,25,45,69,157,178,237
25,威麟V5,25,163,39,27,199,252,175,75,199,111,229,133,72,134,210,245,199,216,279,64,101,134,259,202,457,502,431,401,443,721,590,240,1095,488,860,326
26,MASTER CEO,25,13,6,27,37,41,78,50,32
27,M300,13,12,15,25,77,50,171,133,233,439,393,338,214,167,172,333,317,364,524,563,504,2756,1556,1207,952,721,1023,1575,569,824,984,458,1245,1513,933,660,240,145,65,301,93,103,133,231
28,优翼,0,0,0,0,0,0,0,0,0,0,0,1,0,0,1,15,15,66,13,7,3,5,12,4,43,1,5,10,8,5,17,3,49,17,35,26
29,骏逸,0,0,11,25,7,30,367,28,163,117,85,114,114,140,150,135,204,170,298,167,252,182,191,202,209,199,209,199,192,331,182,365,123,297,382,457,93,45,103,102,133,125,167,280,179,337,217,224,188,387,462,364,425,254,480,591,326,382,495,581,508,731,620
30,自由风,0,0,0,0,1,1,2,0,4,23,1,12,3,24,0,2,0,6,0,15,8,40,0,26,11,16,2,0,22,0,21,15,12,40,29,24,34,23,28,54,16,49,121,158,694,30,76,87,100,117,59,101,30,189,75,50,64,55,83,86,131,19,64,42,92,67,456,122,87,24,90,124,184,293,294,98,140
31,大捷龙-进口,0,0,5,2,0,0,6,1,3,4,1,1,1,8,3,1,0,0,0,0,31,319,0,0,1,0,0,0,0,0,0,0,1,1,1,0,7,0,0,3,6,1,32,9,20,0,1,40,56,57,34,39,27,16,17,0,3,608,412,124,69,0,0,3,0
